"run_id","block","engine","language","corpus","k","iters","threads","rep","fit_sec","wall_sec","max_rss_kb","r2","coherence_mean","coherence_median","coherence_sd","version"
"bigartm__20ng__k100__i1__t1__r1","frontier","bigartm","Python","20ng",100,1,1,1,58.438098441,59.76,4432044,0.05795723178874,0.0992139678020146,0.100756271715732,0.0239068863106009,"0.9.2"
"bigartm__20ng__k100__i2__t1__r1","frontier","bigartm","Python","20ng",100,2,1,1,60.2423393759,61.57,4432796,0.231420167340039,0.099139872594354,0.0957762945792011,0.0446687690599531,"0.9.2"
"bigartm__20ng__k100__i5__t1__r1","frontier","bigartm","Python","20ng",100,5,1,1,67.56326269,68.87,4432308,0.486584576451922,0.140084747637626,0.119188064153681,0.0865000962178742,"0.9.2"
"bigartm__20ng__k100__i10__t1__r1","frontier","bigartm","Python","20ng",100,10,1,1,80.9050523631,82.19,4432296,0.515089408103942,0.14239480397711,0.117268087413826,0.0999425963972549,"0.9.2"
"bigartm__20ng__k100__i10__t2__r1","threads","bigartm","Python","20ng",100,10,2,1,69.214965177,70.5,4432540,0.515089368720432,0.14239480397711,0.117268087413826,0.0999425963972549,"0.9.2"
"bigartm__20ng__k100__i10__t4__r1","threads","bigartm","Python","20ng",100,10,4,1,64.018959527,65.34,4432244,0.515089372350316,0.14239480397711,0.117268087413826,0.0999425963972549,"0.9.2"
"bigartm__20ng__k100__i10__t8__r1","threads","bigartm","Python","20ng",100,10,8,1,61.132389916,62.46,4432556,0.515089360710115,0.14239480397711,0.117268087413826,0.0999425963972549,"0.9.2"
"bigartm__20ng__k100__i10__t12__r1","threads","bigartm","Python","20ng",100,10,12,1,59.568764316,60.9,4432384,0.515089381906378,0.14239480397711,0.117268087413826,0.0999425963972549,"0.9.2"
"bigartm__20ng__k100__i25__t1__r1","frontier","bigartm","Python","20ng",100,25,1,1,119.161063892,120.49,4431968,0.500158920672809,0.128123746256232,0.101155312040226,0.0955929450368601,"0.9.2"
"gensim__20ng__k100__i1__t1__r1","frontier","gensim","Python","20ng",100,1,1,1,8.8600494439,15.76,238684,0.421822802597839,0.0997556593859011,0.0790200712693054,0.094240465672019,"4.4.0"
"gensim__20ng__k100__i2__t1__r1","frontier","gensim","Python","20ng",100,2,1,1,16.198499398,22.87,242968,0.455464266220477,0.104639263688783,0.0874013681963706,0.100956898323113,"4.4.0"
"gensim__20ng__k100__i5__t1__r1","frontier","gensim","Python","20ng",100,5,1,1,38.098332664,44.55,241828,0.469455316982342,0.104127219501179,0.0864062096302847,0.101506241349337,"4.4.0"
"gensim__20ng__k100__i10__t1__r1","frontier","gensim","Python","20ng",100,10,1,1,71.311152949,77.6,247152,0.471997176368486,0.109111587183895,0.0880477265104432,0.104351010809692,"4.4.0"
"gensim__20ng__k100__i10__t2__r1","threads","gensim","Python","20ng",100,10,2,1,58.732350538,65.54,334508,0.505883595011424,0.129999885130239,0.109838654399116,0.114135390273241,"4.4.0"
"gensim__20ng__k100__i10__t4__r1","threads","gensim","Python","20ng",100,10,4,1,56.247665719,63.27,347216,0.501363847651605,0.137528745279017,0.114180640747409,0.106604120932263,"4.4.0"
"gensim__20ng__k100__i10__t8__r1","threads","gensim","Python","20ng",100,10,8,1,54.8345010501,62.32,327816,0.383378448934394,0.135968578488231,0.10875383831173,0.0849914944413575,"4.4.0"
"gensim__20ng__k100__i10__t12__r1","threads","gensim","Python","20ng",100,10,12,1,56.2893373651,63.79,338808,0.489085646625573,0.146821903680454,0.122111288552402,0.114138124415971,"4.4.0"
"gensim__20ng__k100__i25__t1__r1","frontier","gensim","Python","20ng",100,25,1,1,169.778478235,175.95,246928,0.481327983431398,0.107674488811892,0.0910521694793612,0.100435227255628,"4.4.0"
"lda__20ng__k100__i20__t1__r1","frontier","lda","R","20ng",100,20,1,1,6.101,25.97,292256,0.45733630008,0.13215760175,0.12132889659,0.07333038015,"1.5.2"
"lda__20ng__k100__i50__t1__r1","frontier","lda","R","20ng",100,50,1,1,14.897,34.79,292188,0.47961559571,0.14493569542,0.12278170516,0.078946771764,"1.5.2"
"lda__20ng__k100__i100__t1__r1","frontier","lda","R","20ng",100,100,1,1,52.203,84.5,292064,0.49456792173,0.14599460634,0.13169737711,0.07462947624,"1.5.2"
"lda__20ng__k100__i200__t1__r1","frontier","lda","R","20ng",100,200,1,1,59.229,79.19,292044,0.50089662737,0.14900676697,0.12966892588,0.075678391849,"1.5.2"
"lda__20ng__k100__i500__t1__r1","frontier","lda","R","20ng",100,500,1,1,149.163,169.4,292064,0.50272912622,0.15038799327,0.1261067444,0.081042651426,"1.5.2"
"mallet__20ng__k100__i20__t1__r1","frontier","mallet","Java","20ng",100,20,1,1,6.24,27.76,1369760,0.524007118405692,0.146063073121657,0.121585709877061,0.0938154703441744,"202108"
"mallet__20ng__k100__i50__t1__r1","frontier","mallet","Java","20ng",100,50,1,1,11.1401,32.66,1353556,0.537596775809539,0.154104991116432,0.130938096590864,0.086522823455827,"202108"
"mallet__20ng__k100__i100__t1__r1","frontier","mallet","Java","20ng",100,100,1,1,19.1537,40.69,1362476,0.53838553415806,0.154115958122768,0.127862443097602,0.0953664170674428,"202108"
"mallet__20ng__k100__i200__t1__r1","frontier","mallet","Java","20ng",100,200,1,1,34.6589,56.22,1363360,0.540343641524833,0.155062152023409,0.140128974050387,0.0875057503512208,"202108"
"mallet__20ng__k100__i200__t2__r1","threads","mallet","Java","20ng",100,200,2,1,25.8162,47.35,1379352,0.552146510127832,0.154727659818526,0.136120611112075,0.0853663950232915,"202108"
"mallet__20ng__k100__i200__t4__r1","threads","mallet","Java","20ng",100,200,4,1,19.4763,40.97,1387700,0.534787813804818,0.15736426361761,0.14014896466285,0.0877484891997886,"202108"
"mallet__20ng__k100__i200__t8__r1","threads","mallet","Java","20ng",100,200,8,1,12.9004,34.73,1397216,0.568952581796278,0.169981276330184,0.144484138505495,0.104269480789017,"202108"
"mallet__20ng__k100__i200__t12__r1","threads","mallet","Java","20ng",100,200,12,1,10.9958,32.69,1425700,0.560450653123696,0.168854939663462,0.148146063768998,0.0921613779743826,"202108"
"mallet__20ng__k100__i500__t1__r1","frontier","mallet","Java","20ng",100,500,1,1,84.8001,106.61,1363024,0.544367459186298,0.157161283043054,0.135457792739752,0.0908904898925252,"202108"
"pylda__20ng__k100__i20__t1__r1","frontier","pylda","Python","20ng",100,20,1,1,26.6202722182,27.17,182708,0.49748664467,0.14283220905,0.12868799595,0.067061832985,"3.0.2"
"pylda__20ng__k100__i50__t1__r1","frontier","pylda","Python","20ng",100,50,1,1,61.5609881119,62.08,183212,0.52285216242,0.15271182461,0.13724575314,0.083244482583,"3.0.2"
"pylda__20ng__k100__i100__t1__r1","frontier","pylda","Python","20ng",100,100,1,1,119.8087277021,120.34,183236,0.53421404163,0.15666679327,0.13865815223,0.085945791884,"3.0.2"
"pylda__20ng__k100__i200__t1__r1","frontier","pylda","Python","20ng",100,200,1,1,235.059320448,235.61,182956,0.53863989874,0.15765372876,0.13819857246,0.08610778067,"3.0.2"
"pylda__20ng__k100__i500__t1__r1","frontier","pylda","Python","20ng",100,500,1,1,585.3372632992,585.88,183068,0.55217336056,0.15905258801,0.14141825348,0.081823763914,"3.0.2"
"sklearn__20ng__k100__i1__t1__r1","frontier","sklearn","Python","20ng",100,1,1,1,27.9258827431,29.25,291932,0.17860702291846,0.103264286543745,0.100933555489919,0.0303133900156663,"1.9.0"
"sklearn__20ng__k100__i2__t1__r1","frontier","sklearn","Python","20ng",100,2,1,1,35.0402387819,36.35,291852,0.366972781945894,0.122182336831993,0.107739101443877,0.0766609438317211,"1.9.0"
"sklearn__20ng__k100__i5__t1__r1","frontier","sklearn","Python","20ng",100,5,1,1,51.4066280359,52.69,294672,0.520493701956029,0.134057035099904,0.115477510924643,0.0947727978860882,"1.9.0"
"sklearn__20ng__k100__i10__t1__r1","frontier","sklearn","Python","20ng",100,10,1,1,79.083374519,80.44,296364,0.535870993319672,0.126296813830202,0.106961147234934,0.102641752991722,"1.9.0"
"sklearn__20ng__k100__i10__t2__r1","threads","sklearn","Python","20ng",100,10,2,1,49.5616446841,51.05,417764,0.530239590712684,0.131696320190362,0.116541115317104,0.0937025671705288,"1.9.0"
"sklearn__20ng__k100__i10__t4__r1","threads","sklearn","Python","20ng",100,10,4,1,29.874906135,31.48,442980,0.522998449036582,0.13697832359126,0.11676129909981,0.0983859000353716,"1.9.0"
"sklearn__20ng__k100__i10__t8__r1","threads","sklearn","Python","20ng",100,10,8,1,19.2917267911,20.9,517216,0.530795800363711,0.135052187680858,0.118705815450155,0.0981441258489004,"1.9.0"
"sklearn__20ng__k100__i10__t12__r1","threads","sklearn","Python","20ng",100,10,12,1,17.5562442329,19.17,621632,0.516128137304736,0.126959032755788,0.108982235444384,0.0886405452173215,"1.9.0"
"sklearn__20ng__k100__i25__t1__r1","frontier","sklearn","Python","20ng",100,25,1,1,155.510618079,156.83,296012,0.536528085408605,0.123631854804259,0.105903042517485,0.105488873829325,"1.9.0"
"text2vec__20ng__k100__i20__t1__r1","frontier","text2vec","R","20ng",100,20,1,1,6.054,10.51,409984,0.42768073943538,0.126886907257302,0.112505492829533,0.0885508662833983,"0.6.6"
"text2vec__20ng__k100__i50__t1__r1","frontier","text2vec","R","20ng",100,50,1,1,12.11,16.07,408952,0.489396645853471,0.133833144604412,0.11889074039216,0.0874248394682939,"0.6.6"
"text2vec__20ng__k100__i100__t1__r1","frontier","text2vec","R","20ng",100,100,1,1,22.05,25.85,409588,0.516751238894193,0.141104108204431,0.119400480618078,0.0840396123810958,"0.6.6"
"text2vec__20ng__k100__i200__t1__r1","frontier","text2vec","R","20ng",100,200,1,1,41.75,45.42,409852,0.531569189014306,0.1461649318898,0.125281085968335,0.0891569730143994,"0.6.6"
"text2vec__20ng__k100__i500__t1__r1","frontier","text2vec","R","20ng",100,500,1,1,101.191,104.76,409988,0.542404484882278,0.159022410237743,0.143467365147195,0.0864347554612026,"0.6.6"
"textmineR__20ng__k100__i20__t1__r1","frontier","textmineR","R","20ng",100,20,1,1,182.407,202.37,420832,0.5147935517,0.14289714007,0.12498951383,0.090907416624,"3.0.6"
"textmineR__20ng__k100__i50__t1__r1","frontier","textmineR","R","20ng",100,50,1,1,431.815,451.73,410224,0.53233043635,0.1539787529,0.1360459237,0.085216235509,"3.0.6"
"textmineR__20ng__k100__i100__t1__r1","frontier","textmineR","R","20ng",100,100,1,1,845.223,865.06,430364,0.54187025784,0.15710589527,0.14018965648,0.075294579571,"3.0.6"
"textmineR__20ng__k100__i200__t1__r1","frontier","textmineR","R","20ng",100,200,1,1,2326.325,2346.78,429244,0.54807534943,0.161777044,0.14908787555,0.077996863142,"3.0.6"
"textmineR__20ng__k100__i200__t2__r1","threads","textmineR","R","20ng",100,200,2,1,1666.327,1685.92,465288,0.54807534943,0.161777044,0.14908787555,0.077996863142,"3.0.6"
"textmineR__20ng__k100__i200__t4__r1","threads","textmineR","R","20ng",100,200,4,1,1665.136,1685.02,464512,0.54807534943,0.161777044,0.14908787555,0.077996863142,"3.0.6"
"textmineR__20ng__k100__i200__t8__r1","threads","textmineR","R","20ng",100,200,8,1,1664.734,1684.59,456908,0.54807534943,0.161777044,0.14908787555,0.077996863142,"3.0.6"
"textmineR__20ng__k100__i200__t12__r1","threads","textmineR","R","20ng",100,200,12,1,1659.563,1679.23,456324,0.54807534943,0.161777044,0.14908787555,0.077996863142,"3.0.6"
"textmineR__20ng__k100__i500__t1__r1","frontier","textmineR","R","20ng",100,500,1,1,4144.02,4163,403332,0.55299952889,0.16160632424,0.14195278843,0.078940150433,"3.0.6"
"tidylda__20ng__k100__i20__t1__r1","frontier","tidylda","R","20ng",100,20,1,1,5.995,25.39,445424,0.349912931708225,0.0931346301303665,0.0808933607777191,0.0517012242392691,"0.1.1.999"
"tidylda__20ng__k100__i50__t1__r1","frontier","tidylda","R","20ng",100,50,1,1,8.398,27.73,446268,0.462193369077742,0.116402358942822,0.0994905102244059,0.0712548170512842,"0.1.1.999"
"tidylda__20ng__k100__i100__t1__r1","frontier","tidylda","R","20ng",100,100,1,1,12.321,31.56,445472,0.504435109864915,0.12631338402444,0.110972625099551,0.0688956511344821,"0.1.1.999"
"tidylda__20ng__k100__i200__t1__r1","frontier","tidylda","R","20ng",100,200,1,1,20.199,39.47,437488,0.528453117833169,0.139699210471836,0.125922601487819,0.0723760722311478,"0.1.1.999"
"tidylda__20ng__k100__i200__t2__r1","threads","tidylda","R","20ng",100,200,2,1,11.358,30.88,437620,0.528453117833169,0.139699210471836,0.125922601487819,0.0723760722311478,"0.1.1.999"
"tidylda__20ng__k100__i200__t4__r1","threads","tidylda","R","20ng",100,200,4,1,6.61,25.96,437156,0.528453117833169,0.139699210471836,0.125922601487819,0.0723760722311478,"0.1.1.999"
"tidylda__20ng__k100__i200__t8__r1","threads","tidylda","R","20ng",100,200,8,1,4.261,23.59,437516,0.528453117833169,0.139699210471836,0.125922601487819,0.0723760722311478,"0.1.1.999"
"tidylda__20ng__k100__i200__t12__r1","threads","tidylda","R","20ng",100,200,12,1,3.335,22.65,437116,0.528453117833169,0.139699210471836,0.125922601487819,0.0723760722311478,"0.1.1.999"
"tidylda__20ng__k100__i500__t1__r1","frontier","tidylda","R","20ng",100,500,1,1,43.663,62.84,444976,0.545778395869722,0.15174640347822,0.129615539991857,0.0702756707231132,"0.1.1.999"
"tomotopy__20ng__k100__i20__t1__r1","frontier","tomotopy","Python","20ng",100,20,1,1,4.151550344,4.84,235556,0.527680524330696,0.142570965987921,0.124610611358352,0.0927003338756909,"0.14.0"
"tomotopy__20ng__k100__i50__t1__r1","frontier","tomotopy","Python","20ng",100,50,1,1,8.790305406,9.44,235380,0.552623555390968,0.147542664950541,0.121506165802391,0.0931490236041495,"0.14.0"
"tomotopy__20ng__k100__i100__t1__r1","frontier","tomotopy","Python","20ng",100,100,1,1,16.752577125,17.41,234844,0.564651822520928,0.15584250646086,0.134100036713046,0.0906931669099276,"0.14.0"
"tomotopy__20ng__k100__i200__t1__r1","frontier","tomotopy","Python","20ng",100,200,1,1,32.3050260249,32.95,233644,0.570278839381536,0.158927969392971,0.137620368654779,0.0963275707368424,"0.14.0"
"tomotopy__20ng__k100__i200__t2__r1","threads","tomotopy","Python","20ng",100,200,2,1,21.025200943,21.68,238476,0.562880383464614,0.158249581933825,0.136915302270076,0.102120658929174,"0.14.0"
"tomotopy__20ng__k100__i200__t4__r1","threads","tomotopy","Python","20ng",100,200,4,1,14.69154188,15.34,235304,0.544799162526493,0.161748955983944,0.142446036004747,0.0788929375000965,"0.14.0"
"tomotopy__20ng__k100__i200__t8__r1","threads","tomotopy","Python","20ng",100,200,8,1,9.6589266839,10.33,235572,0.548784186387038,0.157747252849114,0.133701616355761,0.0909779523386324,"0.14.0"
"tomotopy__20ng__k100__i200__t12__r1","threads","tomotopy","Python","20ng",100,200,12,1,7.091384029,7.75,236992,0.566231673473971,0.164112063293635,0.137565022193633,0.100089216793705,"0.14.0"
"tomotopy__20ng__k100__i500__t1__r1","frontier","tomotopy","Python","20ng",100,500,1,1,78.857745459,79.5,235792,0.577572408040081,0.166306863947433,0.143345436676102,0.0982383704954598,"0.14.0"
"topicmodels-gibbs__20ng__k100__i20__t1__r1","frontier","topicmodels-gibbs","R","20ng",100,20,1,1,28.75,49.11,1407764,0.51333035028,0.14376363251,0.13001207166,0.088940843639,"0.2.17"
"topicmodels-gibbs__20ng__k100__i50__t1__r1","frontier","topicmodels-gibbs","R","20ng",100,50,1,1,69.095,89.51,2979904,0.52498736072,0.16004668386,0.13864713785,0.087276096989,"0.2.17"
"topicmodels-gibbs__20ng__k100__i100__t1__r1","frontier","topicmodels-gibbs","R","20ng",100,100,1,1,198.737,231.08,5669640,0.53454132517,0.15917756887,0.1423284084,0.089219304634,"0.2.17"
"topicmodels-gibbs__20ng__k100__i200__t1__r1","frontier","topicmodels-gibbs","R","20ng",100,200,1,1,270.819,291.55,10984804,0.5419513442,0.15990287896,0.1358873084,0.089142642783,"0.2.17"
"topicmodels-gibbs__20ng__k100__i500__t1__r1","frontier","topicmodels-gibbs","R","20ng",100,500,1,1,670.981,692.25,26949860,0.5419513442,0.15990287896,0.1358873084,0.089142642783,"0.2.17"
"topicmodels-vem__20ng__k100__i1__t1__r1","frontier","topicmodels-vem","R","20ng",100,1,1,1,222.891,245.8,24297488,0.13681578296,0.093725664402,0.092569451092,0.028971080006,"0.2.17"
"topicmodels-vem__20ng__k100__i2__t1__r1","frontier","topicmodels-vem","R","20ng",100,2,1,1,316.96,340.14,24297296,0.35052275566,0.1228410139,0.10843414646,0.087266748262,"0.2.17"
"topicmodels-vem__20ng__k100__i5__t1__r1","frontier","topicmodels-vem","R","20ng",100,5,1,1,570.011,593.58,24297292,0.5220441176,0.14427853325,0.12406554558,0.09468155163,"0.2.17"
"topicmodels-vem__20ng__k100__i10__t1__r1","frontier","topicmodels-vem","R","20ng",100,10,1,1,954.7,979.16,24297872,0.54446258051,0.15736990767,0.13236436276,0.09859095521,"0.2.17"
"topicmodels-vem__20ng__k100__i25__t1__r1","frontier","topicmodels-vem","R","20ng",100,25,1,1,2029.525,2055.27,24297836,0.54989767255,0.15941787198,0.14059932573,0.099827614665,"0.2.17"
"bigartm__ap__k25__i10__t1__r1","k","bigartm","Python","ap",25,10,1,1,6.35230655,7.04,335428,0.107786366851396,0.138992019494661,0.125499915343129,0.0894507128405734,"0.9.2"
"bigartm__ap__k50__i10__t1__r1","k","bigartm","Python","ap",50,10,1,1,7.797372771,8.54,334992,0.141902029225952,0.140638032434353,0.113657432924391,0.0929279531955642,"0.9.2"
"bigartm__ap__k100__i1__t1__r1","frontier","bigartm","Python","ap",100,1,1,1,4.417681927,5.2,335000,0.0199071874488285,0.0564367575754288,0.055833639361232,0.0209423374969061,"0.9.2"
"bigartm__ap__k100__i1__t1__r2","frontier","bigartm","Python","ap",100,1,1,2,4.441888334,5.17,335156,0.0198009877130333,0.0564648081866271,0.0558074407440067,0.0174836580034244,"0.9.2"
"bigartm__ap__k100__i1__t1__r3","frontier","bigartm","Python","ap",100,1,1,3,4.526987202,5.3,335860,0.0198038725035331,0.0551431687751689,0.0549011630333124,0.0191306846208418,"0.9.2"
"bigartm__ap__k100__i2__t1__r1","frontier","bigartm","Python","ap",100,2,1,1,5.214741367,5.97,335356,0.0347437368813776,0.0647515791148751,0.0547609630433639,0.0356561528364189,"0.9.2"
"bigartm__ap__k100__i2__t1__r2","frontier","bigartm","Python","ap",100,2,1,2,5.0794324799,5.83,335372,0.0338888795843976,0.0651026902963337,0.0570867356044502,0.0357285594465474,"0.9.2"
"bigartm__ap__k100__i2__t1__r3","frontier","bigartm","Python","ap",100,2,1,3,5.072833986,5.8,335344,0.0345755691874966,0.0647106776136673,0.057425839300284,0.0313310238437188,"0.9.2"
"bigartm__ap__k100__i5__t1__r1","frontier","bigartm","Python","ap",100,5,1,1,7.136923514,7.88,335524,0.161763298161027,0.125686041510702,0.105435480577588,0.0910551308752562,"0.9.2"
"bigartm__ap__k100__i5__t1__r2","frontier","bigartm","Python","ap",100,5,1,2,7.225274337,7.96,335452,0.168872799080846,0.126582226858886,0.103692503077738,0.0894271432871057,"0.9.2"
"bigartm__ap__k100__i5__t1__r3","frontier","bigartm","Python","ap",100,5,1,3,7.0991894121,7.83,335532,0.16340895054693,0.127131446227566,0.0984519938872677,0.0884386630239894,"0.9.2"
"bigartm__ap__k100__i10__t1__r1","frontier","bigartm","Python","ap",100,10,1,1,10.5828114459,11.35,335300,0.179296413791566,0.133501617142698,0.117394324526458,0.0924123755185513,"0.9.2"
"bigartm__ap__k100__i10__t1__r2","frontier","bigartm","Python","ap",100,10,1,2,10.330151713,11.08,335424,0.184885796539189,0.150630318197655,0.124063594498738,0.101397700371335,"0.9.2"
"bigartm__ap__k100__i10__t1__r3","frontier","bigartm","Python","ap",100,10,1,3,10.5571916969,11.32,335532,0.184763294024954,0.152904192992896,0.124996978859532,0.0965968925456126,"0.9.2"
"bigartm__ap__k100__i10__t2__r1","threads","bigartm","Python","ap",100,10,2,1,8.0184941971,8.78,335504,0.179296414039097,0.133501617142698,0.117394324526458,0.0924123755185513,"0.9.2"
"bigartm__ap__k100__i10__t2__r2","threads","bigartm","Python","ap",100,10,2,2,8.118966613,8.87,335344,0.184885798161875,0.150630318197655,0.124063594498738,0.101397700371335,"0.9.2"
"bigartm__ap__k100__i10__t2__r3","threads","bigartm","Python","ap",100,10,2,3,8.0366253649,8.79,335516,0.184763299274438,0.152904192992896,0.124996978859532,0.0965968925456126,"0.9.2"
"bigartm__ap__k100__i10__t4__r1","threads","bigartm","Python","ap",100,10,4,1,7.515151804,8.25,339372,0.179296412215794,0.133501617142698,0.117394324526458,0.0924123755185513,"0.9.2"
"bigartm__ap__k100__i10__t4__r2","threads","bigartm","Python","ap",100,10,4,2,7.6065474791,8.35,352060,0.184885797394141,0.150630318197655,0.124063594498738,0.101397700371335,"0.9.2"
"bigartm__ap__k100__i10__t4__r3","threads","bigartm","Python","ap",100,10,4,3,7.597229036,8.36,351492,0.184763288716805,0.152904192992896,0.124996978859532,0.0965968925456126,"0.9.2"
"bigartm__ap__k100__i10__t8__r1","threads","bigartm","Python","ap",100,10,8,1,7.6455283461,8.4,375752,0.179296410083625,0.133501617142698,0.117394324526458,0.0924123755185513,"0.9.2"
"bigartm__ap__k100__i10__t8__r2","threads","bigartm","Python","ap",100,10,8,2,7.520073605,8.28,388404,0.184885794629961,0.150630318197655,0.124063594498738,0.101397700371335,"0.9.2"
"bigartm__ap__k100__i10__t8__r3","threads","bigartm","Python","ap",100,10,8,3,7.580598774,8.36,384548,0.18476328808157,0.152904192992896,0.124996978859532,0.0965968925456126,"0.9.2"
"bigartm__ap__k100__i10__t12__r1","threads","bigartm","Python","ap",100,10,12,1,7.718422689,8.49,417340,0.179296413059842,0.133501617142698,0.117394324526458,0.0924123755185513,"0.9.2"
"bigartm__ap__k100__i10__t12__r2","threads","bigartm","Python","ap",100,10,12,2,7.720036006,8.5,424852,0.184885796064243,0.150630318197655,0.124063594498738,0.101397700371335,"0.9.2"
"bigartm__ap__k100__i10__t12__r3","threads","bigartm","Python","ap",100,10,12,3,7.6439343269,8.4,415364,0.184763291264589,0.152904192992896,0.124996978859532,0.0965968925456126,"0.9.2"
"bigartm__ap__k100__i25__t1__r1","frontier","bigartm","Python","ap",100,25,1,1,20.472045803,21.22,335192,0.194680991171418,0.147592183699547,0.132504942154606,0.102941656646295,"0.9.2"
"bigartm__ap__k100__i25__t1__r2","frontier","bigartm","Python","ap",100,25,1,2,20.905130229,21.64,335252,0.197192809426031,0.16706406342731,0.154101117968822,0.101862863144319,"0.9.2"
"bigartm__ap__k100__i25__t1__r3","frontier","bigartm","Python","ap",100,25,1,3,20.739296069,21.5,335428,0.19782411408588,0.15808582674601,0.142187375201566,0.0979954277520746,"0.9.2"
"bigartm__ap__k200__i10__t1__r1","k","bigartm","Python","ap",200,10,1,1,15.880660458,16.72,351464,0.238140266155131,0.132789153304323,0.108748863581945,0.094208104894513,"0.9.2"
"gensim__ap__k25__i10__t1__r1","k","gensim","Python","ap",25,10,1,1,9.904467957,11.74,162152,0.0962670340316174,0.13456435327396,0.117657452961625,0.086241279160215,"4.4.0"
"gensim__ap__k50__i10__t1__r1","k","gensim","Python","ap",50,10,1,1,11.644611172,13.37,167556,0.127033094477691,0.132488153334568,0.107392386418484,0.0843636283711114,"4.4.0"
"gensim__ap__k100__i1__t1__r1","frontier","gensim","Python","ap",100,1,1,1,2.0627924709,4.29,179008,0.0821888603821077,0.0894293058759379,0.0737323853354179,0.0697932477917928,"4.4.0"
"gensim__ap__k100__i1__t1__r2","frontier","gensim","Python","ap",100,1,1,2,2.049047755,4.3,178732,0.0802057213506109,0.0944442053039223,0.0783499752986222,0.0789722956714774,"4.4.0"
"gensim__ap__k100__i1__t1__r3","frontier","gensim","Python","ap",100,1,1,3,2.024700635,4.28,178996,0.0771252928549976,0.0976311412874021,0.0795627291679707,0.0858471492266931,"4.4.0"
"gensim__ap__k100__i2__t1__r1","frontier","gensim","Python","ap",100,2,1,1,3.676833231,5.8,179112,0.113414466771992,0.0982627565044604,0.0792011833325708,0.085652085581936,"4.4.0"
"gensim__ap__k100__i2__t1__r2","frontier","gensim","Python","ap",100,2,1,2,3.713082292,5.84,180284,0.111421858061487,0.0991738014274593,0.0728928803544355,0.0817578914979856,"4.4.0"
"gensim__ap__k100__i2__t1__r3","frontier","gensim","Python","ap",100,2,1,3,3.688792211,5.79,183884,0.105589468638767,0.111896234733297,0.095547138883614,0.0829292964974191,"4.4.0"
"gensim__ap__k100__i5__t1__r1","frontier","gensim","Python","ap",100,5,1,1,8.297409624,10.31,184088,0.141011128108964,0.1040978706089,0.079262210821655,0.083880337192661,"4.4.0"
"gensim__ap__k100__i5__t1__r2","frontier","gensim","Python","ap",100,5,1,2,8.133804912,10.14,181760,0.141702573140203,0.119937341984337,0.0889238702378103,0.0982783558276708,"4.4.0"
"gensim__ap__k100__i5__t1__r3","frontier","gensim","Python","ap",100,5,1,3,8.1270859049,10.14,182640,0.129714867024187,0.112072622102392,0.0803669433764535,0.0870401836053204,"4.4.0"
"gensim__ap__k100__i10__t1__r1","frontier","gensim","Python","ap",100,10,1,1,15.0819994491,17.03,181480,0.149798060490417,0.104809822775719,0.0768688798316363,0.0849251994632203,"4.4.0"
"gensim__ap__k100__i10__t1__r2","frontier","gensim","Python","ap",100,10,1,2,15.098129056,17.02,185136,0.1525435672726,0.11679129545572,0.0898201023505788,0.0914272835421241,"4.4.0"
"gensim__ap__k100__i10__t1__r3","frontier","gensim","Python","ap",100,10,1,3,15.1275829689,17.09,185136,0.137879327740862,0.119202745428075,0.0935750639886083,0.0838524014869329,"4.4.0"
"gensim__ap__k100__i10__t2__r1","threads","gensim","Python","ap",100,10,2,1,26.320775441,28.25,356772,0.149896926650392,0.109675795132426,0.0820557853575525,0.0938517266049681,"4.4.0"
"gensim__ap__k100__i10__t2__r2","threads","gensim","Python","ap",100,10,2,2,26.044061368,27.98,362128,0.146444438947945,0.109289241564581,0.0810664405719968,0.106455405420505,"4.4.0"
"gensim__ap__k100__i10__t2__r3","threads","gensim","Python","ap",100,10,2,3,26.3441707599,28.3,362644,0.14180574470756,0.105594408362348,0.0709700729211525,0.0902436456150249,"4.4.0"
"gensim__ap__k100__i10__t4__r1","threads","gensim","Python","ap",100,10,4,1,26.2582035611,28.2,356556,0.149837179669633,0.11115829550906,0.0827840979282524,0.0936350836009696,"4.4.0"
"gensim__ap__k100__i10__t4__r2","threads","gensim","Python","ap",100,10,4,2,26.4042627231,28.37,356644,0.146502505129004,0.108983250851636,0.0801204320187195,0.10691835596262,"4.4.0"
"gensim__ap__k100__i10__t4__r3","threads","gensim","Python","ap",100,10,4,3,26.917900237,28.95,356784,0.141797394380672,0.104827304922602,0.0745918627581667,0.0893694289276337,"4.4.0"
"gensim__ap__k100__i10__t8__r1","threads","gensim","Python","ap",100,10,8,1,26.782689705,28.73,356668,0.149823274522887,0.10991228346109,0.0817695499773709,0.0931936312047018,"4.4.0"
"gensim__ap__k100__i10__t8__r2","threads","gensim","Python","ap",100,10,8,2,26.18726505,28.14,356772,0.146486504092546,0.109768983085578,0.0801204320187195,0.106912610533938,"4.4.0"
"gensim__ap__k100__i10__t8__r3","threads","gensim","Python","ap",100,10,8,3,26.759715389,28.74,356840,0.141778428485382,0.104721579790613,0.0742706973636146,0.0895260226100049,"4.4.0"
"gensim__ap__k100__i10__t12__r1","threads","gensim","Python","ap",100,10,12,1,26.3731229481,28.34,356076,0.149841335055609,0.10989911416877,0.0817928195270331,0.0930841920542468,"4.4.0"
"gensim__ap__k100__i10__t12__r2","threads","gensim","Python","ap",100,10,12,2,26.5484583289,28.47,356656,0.146463724931837,0.110390264325663,0.0801204320187195,0.107456059433242,"4.4.0"
"gensim__ap__k100__i10__t12__r3","threads","gensim","Python","ap",100,10,12,3,26.851950518,28.8,356948,0.141743868774419,0.105003781297425,0.0742706973636146,0.0895932140275354,"4.4.0"
"gensim__ap__k100__i25__t1__r1","frontier","gensim","Python","ap",100,25,1,1,34.757404414,36.64,183460,0.156167605184345,0.110697275674301,0.0809966651007426,0.0914519465106661,"4.4.0"
"gensim__ap__k100__i25__t1__r2","frontier","gensim","Python","ap",100,25,1,2,34.518871722,36.41,181152,0.158476795187867,0.120978210113592,0.0944688484452806,0.0948522581486126,"4.4.0"
"gensim__ap__k100__i25__t1__r3","frontier","gensim","Python","ap",100,25,1,3,34.8153844379,36.67,178896,0.142584170222149,0.117623722816384,0.0905979345281401,0.081867280822106,"4.4.0"
"gensim__ap__k200__i10__t1__r1","k","gensim","Python","ap",200,10,1,1,21.514360193,23.82,227780,0.165027119174598,0.110422233525536,0.0874567188578145,0.0899043301715093,"4.4.0"
"lda__ap__k25__i200__t1__r1","k","lda","R","ap",25,200,1,1,5.673,8,194880,0.13062451521,0.18014730981,0.15721406558,0.10164418288,"1.5.2"
"lda__ap__k50__i200__t1__r1",NA,"lda","R","ap",50,200,1,1,9.587,NA,NA,0.1701517036,0.17251513418,0.1561135719,0.096512602921,"1.5.2"
"lda__ap__k100__i20__t1__r1","frontier","lda","R","ap",100,20,1,1,1.736,8.75,210084,0.15008158957,0.11363452722,0.097510571381,0.074446767734,"1.5.2"
"lda__ap__k100__i20__t1__r2","frontier","lda","R","ap",100,20,1,2,1.737,8.6,210100,0.14867088999,0.10757475277,0.088543157924,0.072644568341,"1.5.2"
"lda__ap__k100__i20__t1__r3","frontier","lda","R","ap",100,20,1,3,1.709,8.58,210212,0.14528638029,0.11328659993,0.093940367063,0.082415501504,"1.5.2"
"lda__ap__k100__i50__t1__r1","frontier","lda","R","ap",100,50,1,1,4.175,11.06,210536,0.19423494436,0.13642523165,0.11781190858,0.082860374369,"1.5.2"
"lda__ap__k100__i50__t1__r2","frontier","lda","R","ap",100,50,1,2,4.218,11,210708,0.19066127709,0.13630494384,0.10992252142,0.093055001186,"1.5.2"
"lda__ap__k100__i50__t1__r3","frontier","lda","R","ap",100,50,1,3,4.179,11.04,210576,0.19298269806,0.14088185205,0.11916513116,0.086894861128,"1.5.2"
"lda__ap__k100__i100__t1__r1","frontier","lda","R","ap",100,100,1,1,8.382,15.18,210580,0.2066198751,0.15208841071,0.13654667859,0.09079950199,"1.5.2"
"lda__ap__k100__i100__t1__r2","frontier","lda","R","ap",100,100,1,2,8.344,15.2,210552,0.20571850309,0.15377154187,0.13964143076,0.093795851273,"1.5.2"
"lda__ap__k100__i100__t1__r3","frontier","lda","R","ap",100,100,1,3,8.473,15.41,210248,0.20655852162,0.15319249411,0.13918293216,0.090610201551,"1.5.2"
"lda__ap__k100__i200__t1__r1","frontier","lda","R","ap",100,200,1,1,16.859,23.78,210300,0.21118506435,0.16220834467,0.1404140568,0.096393221873,"1.5.2"
"lda__ap__k100__i200__t1__r2","frontier","lda","R","ap",100,200,1,2,16.747,23.54,210388,0.21327361559,0.15778000299,0.13518166355,0.09756608323,"1.5.2"
"lda__ap__k100__i200__t1__r3","frontier","lda","R","ap",100,200,1,3,16.845,23.7,210164,0.21237760199,0.16599093245,0.13938564204,0.092648362785,"1.5.2"
"lda__ap__k100__i500__t1__r1","frontier","lda","R","ap",100,500,1,1,41.407,48.22,210768,0.21506064906,0.1642640049,0.14756429787,0.096643172746,"1.5.2"
"lda__ap__k100__i500__t1__r2","frontier","lda","R","ap",100,500,1,2,41.605,48.51,210508,0.21834867269,0.16277787598,0.14948676737,0.098567134003,"1.5.2"
"lda__ap__k100__i500__t1__r3","frontier","lda","R","ap",100,500,1,3,41.735,48.64,210580,0.21550581021,0.16941342201,0.14359417135,0.095359297136,"1.5.2"
"lda__ap__k200__i200__t1__r1","k","lda","R","ap",200,200,1,1,32.231,44.93,220020,0.24658461983,0.14945969191,0.13071718765,0.10284908977,"1.5.2"
"mallet__ap__k25__i200__t1__r1","k","mallet","Java","ap",25,200,1,1,7.6881,10.11,260460,0.133392059863793,0.157319108492947,0.15715872357457,0.0719535042993098,"202108"
"mallet__ap__k50__i200__t1__r1","k","mallet","Java","ap",50,200,1,1,8.6731,12.6,384524,0.177905826085824,0.166876866702147,0.147706788523478,0.0853923767154978,"202108"
"mallet__ap__k100__i20__t1__r1","frontier","mallet","Java","ap",100,20,1,1,2.3421,9.74,294580,0.180697543734171,0.126662385768688,0.108748985632986,0.0850283997423793,"202108"
"mallet__ap__k100__i20__t1__r2","frontier","mallet","Java","ap",100,20,1,2,2.3227,9.64,299408,0.182629362329813,0.134670358147024,0.11120648781305,0.0852174196741159,"202108"
"mallet__ap__k100__i20__t1__r3","frontier","mallet","Java","ap",100,20,1,3,2.1175,9.54,295192,0.184989238167513,0.131449544695173,0.1007360382486,0.0918271066220943,"202108"
"mallet__ap__k100__i50__t1__r1","frontier","mallet","Java","ap",100,50,1,1,3.5397,10.84,397976,0.218594477931351,0.145128660303079,0.130625292341835,0.0929955592965414,"202108"
"mallet__ap__k100__i50__t1__r2","frontier","mallet","Java","ap",100,50,1,2,3.5756,10.86,402076,0.220460756437092,0.154320425429358,0.147591978853808,0.0901817770405881,"202108"
"mallet__ap__k100__i50__t1__r3","frontier","mallet","Java","ap",100,50,1,3,3.4885,10.83,406788,0.222669102915777,0.157902702999899,0.141970981490578,0.0970392755003757,"202108"
"mallet__ap__k100__i100__t1__r1","frontier","mallet","Java","ap",100,100,1,1,5.7926,13.04,583072,0.227862829310931,0.155217575022609,0.143426229148973,0.0931259883986429,"202108"
"mallet__ap__k100__i100__t1__r2","frontier","mallet","Java","ap",100,100,1,2,5.7668,13.04,589360,0.227764354251367,0.161743817709011,0.141489003881531,0.0978897118607462,"202108"
"mallet__ap__k100__i100__t1__r3","frontier","mallet","Java","ap",100,100,1,3,5.709,12.94,587144,0.231089737600558,0.162187205209638,0.150233566572763,0.0968886854877344,"202108"
"mallet__ap__k100__i200__t1__r1","frontier","mallet","Java","ap",100,200,1,1,10.1493,17.42,953496,0.230921844555521,0.151923655568106,0.135004308178592,0.0975635891104705,"202108"
"mallet__ap__k100__i200__t1__r2","frontier","mallet","Java","ap",100,200,1,2,10.0883,17.49,959340,0.229966972744278,0.158766799484334,0.150294251822059,0.092193989802756,"202108"
"mallet__ap__k100__i200__t1__r3","frontier","mallet","Java","ap",100,200,1,3,10.122,17.45,946164,0.23411474099699,0.169274027437455,0.158721997767648,0.0971345301244663,"202108"
"mallet__ap__k100__i200__t2__r1","threads","mallet","Java","ap",100,200,2,1,8.5547,15.82,963232,0.234011516386079,0.16123853021945,0.14076317969239,0.0924930550448722,"202108"
"mallet__ap__k100__i200__t2__r2","threads","mallet","Java","ap",100,200,2,2,8.459,15.81,957412,0.23177714603804,0.16765411757932,0.133775575614634,0.0985219403000986,"202108"
"mallet__ap__k100__i200__t2__r3","threads","mallet","Java","ap",100,200,2,3,8.9948,16.37,942328,0.234319269804654,0.164919826447391,0.146605768174249,0.0963750432982293,"202108"
"mallet__ap__k100__i200__t4__r1","threads","mallet","Java","ap",100,200,4,1,7.212,14.63,992800,0.238399737258041,0.165568914602221,0.14713136181534,0.0913482140801444,"202108"
"mallet__ap__k100__i200__t4__r2","threads","mallet","Java","ap",100,200,4,2,7.4814,14.77,994076,0.232391874954147,0.166143081040446,0.142525421792621,0.0927238837167619,"202108"
"mallet__ap__k100__i200__t4__r3","threads","mallet","Java","ap",100,200,4,3,6.7849,14.03,982188,0.23061197880775,0.161738785353456,0.146666360236982,0.0874103504696285,"202108"
"mallet__ap__k100__i200__t8__r1","threads","mallet","Java","ap",100,200,8,1,5.7733,13.02,806160,0.236569357002205,0.170652131135666,0.157741067774997,0.093802300257846,"202108"
"mallet__ap__k100__i200__t8__r2","threads","mallet","Java","ap",100,200,8,2,5.6788,12.97,824356,0.235563168025632,0.159598600212292,0.135982756010039,0.0856006571922198,"202108"
"mallet__ap__k100__i200__t8__r3","threads","mallet","Java","ap",100,200,8,3,4.8159,12.02,1061236,0.23055166139817,0.170018972266455,0.151282037859789,0.0954899072343462,"202108"
"mallet__ap__k100__i200__t12__r1","threads","mallet","Java","ap",100,200,12,1,6.2336,13.46,867220,0.234455475123974,0.165639911116956,0.15946446815777,0.0882666201611218,"202108"
"mallet__ap__k100__i200__t12__r2","threads","mallet","Java","ap",100,200,12,2,4.7821,12.06,864784,0.23244669259617,0.165512143303967,0.152654980732025,0.093347588835119,"202108"
"mallet__ap__k100__i200__t12__r3","threads","mallet","Java","ap",100,200,12,3,6.9739,14.26,881384,0.231142900167259,0.169647386930972,0.14539615520337,0.0983151364275168,"202108"
"mallet__ap__k100__i500__t1__r1","frontier","mallet","Java","ap",100,500,1,1,22.8827,29.99,1359124,0.237512172647924,0.164982195384391,0.144577270231166,0.0904883499861935,"202108"
"mallet__ap__k100__i500__t1__r2","frontier","mallet","Java","ap",100,500,1,2,22.7317,30,1336464,0.23498635892705,0.165119781902622,0.151263874682223,0.0962598063317949,"202108"
"mallet__ap__k100__i500__t1__r3","frontier","mallet","Java","ap",100,500,1,3,22.4495,29.85,1341456,0.236543863549484,0.165840092689003,0.148097203507285,0.0951452728701095,"202108"
"mallet__ap__k200__i200__t1__r1","k","mallet","Java","ap",200,200,1,1,12.2819,26.01,1341616,0.285361006825501,0.154646716736519,0.137023978196529,0.100171772300693,"202108"
"pylda__ap__k25__i200__t1__r1","k","pylda","Python","ap",25,200,1,1,20.6248517646,20.96,92812,0.13084103739,0.15561538453,0.13515270815,0.091606385777,"3.0.2"
"pylda__ap__k50__i200__t1__r1","k","pylda","Python","ap",50,200,1,1,36.444108773,36.76,92352,0.17857985162,0.16004338768,0.14947681371,0.081081605775,"3.0.2"
"pylda__ap__k100__i20__t1__r1","frontier","pylda","Python","ap",100,20,1,1,7.848129116,8.22,110088,0.18421124787,0.12529925881,0.10574877657,0.085989129632,"3.0.2"
"pylda__ap__k100__i20__t1__r2","frontier","pylda","Python","ap",100,20,1,2,7.764564788,8.12,108684,0.18924106805,0.13797691832,0.11630915183,0.094633788728,"3.0.2"
"pylda__ap__k100__i20__t1__r3","frontier","pylda","Python","ap",100,20,1,3,7.757292436,8.12,109200,0.18019143877,0.13035898721,0.11048798305,0.086902173351,"3.0.2"
"pylda__ap__k100__i50__t1__r1","frontier","pylda","Python","ap",100,50,1,1,17.820806867,18.19,112900,0.21146221389,0.14939444121,0.13185269554,0.085153475011,"3.0.2"
"pylda__ap__k100__i50__t1__r2","frontier","pylda","Python","ap",100,50,1,2,17.8215885661,18.21,113236,0.22145196907,0.14996030068,0.13955587309,0.092100511081,"3.0.2"
"pylda__ap__k100__i50__t1__r3","frontier","pylda","Python","ap",100,50,1,3,17.8104336159,18.21,113696,0.21426128987,0.15381680607,0.13982132252,0.094735135714,"3.0.2"
"pylda__ap__k100__i100__t1__r1","frontier","pylda","Python","ap",100,100,1,1,34.800273743,35.17,109556,0.22298141243,0.15978412022,0.13384707254,0.092580660451,"3.0.2"
"pylda__ap__k100__i100__t1__r2","frontier","pylda","Python","ap",100,100,1,2,35.2678726828,35.64,109532,0.23021532753,0.16513108297,0.15553727819,0.091000717689,"3.0.2"
"pylda__ap__k100__i100__t1__r3","frontier","pylda","Python","ap",100,100,1,3,34.568590756,34.94,111152,0.22732381089,0.15931643855,0.15160223301,0.094750298185,"3.0.2"
"pylda__ap__k100__i200__t1__r1","frontier","pylda","Python","ap",100,200,1,1,68.3004037961,68.66,113792,0.22870914435,0.16520959057,0.13953265243,0.095428250409,"3.0.2"
"pylda__ap__k100__i200__t1__r2","frontier","pylda","Python","ap",100,200,1,2,69.4666183051,69.82,109428,0.23452345287,0.16826411376,0.15791857539,0.093885665527,"3.0.2"
"pylda__ap__k100__i200__t1__r3","frontier","pylda","Python","ap",100,200,1,3,67.9444391476,68.33,112936,0.23229760525,0.16232552927,0.14072546934,0.087001466513,"3.0.2"
"pylda__ap__k100__i500__t1__r1","frontier","pylda","Python","ap",100,500,1,1,169.4656969709,169.83,110364,0.23295564014,0.16831438098,0.14563860551,0.090585162247,"3.0.2"
"pylda__ap__k100__i500__t1__r2","frontier","pylda","Python","ap",100,500,1,2,169.2512820452,169.63,112512,0.23672594645,0.16617471322,0.14654167024,0.088555341704,"3.0.2"
"pylda__ap__k100__i500__t1__r3","frontier","pylda","Python","ap",100,500,1,3,169.1740222601,169.53,110264,0.23522755521,0.16507671785,0.13659869032,0.098035548528,"3.0.2"
"pylda__ap__k200__i200__t1__r1","k","pylda","Python","ap",200,200,1,1,130.96357169,131.38,148964,0.28393142242,0.15163004274,0.13029178727,0.10245646547,"3.0.2"
"sklearn__ap__k25__i10__t1__r1","k","sklearn","Python","ap",25,10,1,1,10.478413246,13.32,182388,0.111968145450758,0.158197789552103,0.129241781311355,0.0992213535492628,"1.9.0"
"sklearn__ap__k50__i10__t1__r1","k","sklearn","Python","ap",50,10,1,1,12.457442172,13.6,191068,0.134601736728558,0.160039896538093,0.145522895166955,0.087531054749497,"1.9.0"
"sklearn__ap__k100__i1__t1__r1","frontier","sklearn","Python","ap",100,1,1,1,5.822166307,6.98,210452,0.0704567357394649,0.06466876467392,0.0601280633008366,0.0404784707574571,"1.9.0"
"sklearn__ap__k100__i1__t1__r2","frontier","sklearn","Python","ap",100,1,1,2,5.8229548599,6.99,211372,0.0706125434649051,0.0658412584181212,0.0578465020192361,0.0530576444999262,"1.9.0"
"sklearn__ap__k100__i1__t1__r3","frontier","sklearn","Python","ap",100,1,1,3,5.7941674971,6.94,212420,0.0694833318042771,0.0655056756230168,0.0599848086436694,0.0353778149715354,"1.9.0"
"sklearn__ap__k100__i2__t1__r1","frontier","sklearn","Python","ap",100,2,1,1,6.766076763,7.9,211816,0.111729898983894,0.0863403439464384,0.0665797988444298,0.0755556264890035,"1.9.0"
"sklearn__ap__k100__i2__t1__r2","frontier","sklearn","Python","ap",100,2,1,2,6.853428403,8.01,211928,0.111689618613967,0.0845382616893081,0.0672750912408024,0.0752937838991903,"1.9.0"
"sklearn__ap__k100__i2__t1__r3","frontier","sklearn","Python","ap",100,2,1,3,6.801966403,8.01,211512,0.109012113098083,0.0838848762585579,0.0658843033660731,0.0644063792691728,"1.9.0"
"sklearn__ap__k100__i5__t1__r1","frontier","sklearn","Python","ap",100,5,1,1,10.118295872,11.28,211596,0.146718279677931,0.106940453705284,0.0718110928323138,0.0974409819133974,"1.9.0"
"sklearn__ap__k100__i5__t1__r2","frontier","sklearn","Python","ap",100,5,1,2,10.1257995639,11.27,211124,0.144939875544772,0.100844651644103,0.0725810294487086,0.0941779981505617,"1.9.0"
"sklearn__ap__k100__i5__t1__r3","frontier","sklearn","Python","ap",100,5,1,3,10.1641659531,11.3,211636,0.14382110548765,0.110749184450425,0.0890174235599364,0.0885905650375923,"1.9.0"
"sklearn__ap__k100__i10__t1__r1","frontier","sklearn","Python","ap",100,10,1,1,15.414251205,16.56,211128,0.160146574145932,0.117667772714753,0.0756694226599703,0.112078405526719,"1.9.0"
"sklearn__ap__k100__i10__t1__r2","frontier","sklearn","Python","ap",100,10,1,2,15.9195372331,17.13,211028,0.158165018096485,0.118204111869434,0.0957761518255446,0.104029314793423,"1.9.0"
"sklearn__ap__k100__i10__t1__r3","frontier","sklearn","Python","ap",100,10,1,3,16.0078369931,17.16,211600,0.159032144444922,0.131364585653231,0.0998379955896707,0.101051509710322,"1.9.0"
"sklearn__ap__k100__i10__t2__r1","threads","sklearn","Python","ap",100,10,2,1,11.0562965119,12.41,257392,0.159009387719487,0.135940484597582,0.0855580482261304,0.122780010172158,"1.9.0"
"sklearn__ap__k100__i10__t2__r2","threads","sklearn","Python","ap",100,10,2,2,11.040471017,12.4,258940,0.160142836218982,0.112933425639461,0.0749598500629842,0.111642198361577,"1.9.0"
"sklearn__ap__k100__i10__t2__r3","threads","sklearn","Python","ap",100,10,2,3,11.268134985,12.66,258824,0.157570450063766,0.137532210563411,0.104265295888513,0.107406437917514,"1.9.0"
"sklearn__ap__k100__i10__t4__r1","threads","sklearn","Python","ap",100,10,4,1,7.5805396549,9,273604,0.159087852599281,0.123086466204604,0.0796323942653929,0.107394368859304,"1.9.0"
"sklearn__ap__k100__i10__t4__r2","threads","sklearn","Python","ap",100,10,4,2,7.516860403,8.93,273328,0.159059814264911,0.12547067058793,0.0866627641420705,0.112719298661709,"1.9.0"
"sklearn__ap__k100__i10__t4__r3","threads","sklearn","Python","ap",100,10,4,3,7.643913734,9.02,273296,0.155858229745087,0.119709184704111,0.0861328181242533,0.107381402909378,"1.9.0"
"sklearn__ap__k100__i10__t8__r1","threads","sklearn","Python","ap",100,10,8,1,5.888978699,7.31,295400,0.160487658090314,0.135821689566777,0.115704430447987,0.102112163057991,"1.9.0"
"sklearn__ap__k100__i10__t8__r2","threads","sklearn","Python","ap",100,10,8,2,6.0088790039,7.43,292616,0.160578018049293,0.137649701679474,0.094192917329901,0.119421447211086,"1.9.0"
"sklearn__ap__k100__i10__t8__r3","threads","sklearn","Python","ap",100,10,8,3,6.046976045,7.46,301280,0.160590377792125,0.12226039650687,0.0869593138864748,0.107677073632815,"1.9.0"
"sklearn__ap__k100__i10__t12__r1","threads","sklearn","Python","ap",100,10,12,1,5.8629022801,7.35,330612,0.158751010181796,0.12012270757389,0.0891395256145362,0.109437485680841,"1.9.0"
"sklearn__ap__k100__i10__t12__r2","threads","sklearn","Python","ap",100,10,12,2,5.962494418,7.42,331780,0.159415216836901,0.128434683056901,0.10044918445495,0.107592168110778,"1.9.0"
"sklearn__ap__k100__i10__t12__r3","threads","sklearn","Python","ap",100,10,12,3,5.97087191,7.44,327324,0.157198026856077,0.134680180171933,0.106808983162341,0.107099170491683,"1.9.0"
"sklearn__ap__k100__i25__t1__r1","frontier","sklearn","Python","ap",100,25,1,1,31.126949173,32.27,211628,0.166333740370102,0.120844154336956,0.0903824939000673,0.108177912892175,"1.9.0"
"sklearn__ap__k100__i25__t1__r2","frontier","sklearn","Python","ap",100,25,1,2,31.7380950929,32.89,211292,0.165449831905392,0.132521993467019,0.107290743381935,0.108835944095096,"1.9.0"
"sklearn__ap__k100__i25__t1__r3","frontier","sklearn","Python","ap",100,25,1,3,31.8774554101,33.02,211268,0.168721716837194,0.138265060151347,0.121960978960756,0.105223838808575,"1.9.0"
"sklearn__ap__k200__i10__t1__r1","k","sklearn","Python","ap",200,10,1,1,25.3560605,26.57,253580,0.195470459497205,0.115670724371594,0.081904198767238,0.105577575586516,"1.9.0"
"text2vec__ap__k25__i200__t1__r1","k","text2vec","R","ap",25,200,1,1,10.289,12.06,278724,0.124360472443514,0.156288653689498,0.129221180952441,0.0877859275253608,"0.6.6"
"text2vec__ap__k50__i200__t1__r1","k","text2vec","R","ap",50,200,1,1,11.513,13.27,286272,0.156770210468698,0.145914305048691,0.132318752683597,0.0803319556427103,"0.6.6"
"text2vec__ap__k100__i20__t1__r1","frontier","text2vec","R","ap",100,20,1,1,1.898,4.02,298828,0.103658414979473,0.0829929602746435,0.0522627667511078,0.0714010219199609,"0.6.6"
"text2vec__ap__k100__i20__t1__r2","frontier","text2vec","R","ap",100,20,1,2,1.893,4.01,298952,0.104425170152859,0.084169129869322,0.0570817852354539,0.0753463293384022,"0.6.6"
"text2vec__ap__k100__i20__t1__r3","frontier","text2vec","R","ap",100,20,1,3,1.898,4.09,298232,0.106087084346377,0.0807265880803739,0.0637662382565751,0.0588039111396971,"0.6.6"
"text2vec__ap__k100__i50__t1__r1","frontier","text2vec","R","ap",100,50,1,1,3.933,5.94,298952,0.157341851028635,0.113382823555127,0.0823282742172495,0.085604334296739,"0.6.6"
"text2vec__ap__k100__i50__t1__r2","frontier","text2vec","R","ap",100,50,1,2,3.916,5.96,298764,0.163167931224538,0.11908474812853,0.0940043189868144,0.0919256852709395,"0.6.6"
"text2vec__ap__k100__i50__t1__r3","frontier","text2vec","R","ap",100,50,1,3,3.957,5.96,298460,0.157213687913659,0.0989490910630625,0.0776385874101347,0.0729026477327041,"0.6.6"
"text2vec__ap__k100__i100__t1__r1","frontier","text2vec","R","ap",100,100,1,1,7.299,9.28,298976,0.186894182947812,0.123647495045626,0.113225821786447,0.0864338014255676,"0.6.6"
"text2vec__ap__k100__i100__t1__r2","frontier","text2vec","R","ap",100,100,1,2,7.316,9.26,298984,0.190920995158509,0.130197670374419,0.106295059059134,0.0926635892764553,"0.6.6"
"text2vec__ap__k100__i100__t1__r3","frontier","text2vec","R","ap",100,100,1,3,7.358,9.37,299020,0.185997317393548,0.121302274634533,0.101992663567392,0.0778421497508579,"0.6.6"
"text2vec__ap__k100__i200__t1__r1","frontier","text2vec","R","ap",100,200,1,1,14.033,15.97,298616,0.208261203312466,0.142137377222205,0.112739112219587,0.0930483302181261,"0.6.6"
"text2vec__ap__k100__i200__t1__r2","frontier","text2vec","R","ap",100,200,1,2,13.955,15.88,298740,0.207877982336695,0.144602300025907,0.119585547606725,0.0970973937782042,"0.6.6"
"text2vec__ap__k100__i200__t1__r3","frontier","text2vec","R","ap",100,200,1,3,13.973,15.92,298304,0.207058418920488,0.134899120879956,0.111073435511934,0.0851795008509168,"0.6.6"
"text2vec__ap__k100__i500__t1__r1","frontier","text2vec","R","ap",100,500,1,1,34.068,35.95,298832,0.226182830447609,0.150796484728142,0.122687745375149,0.0951088846799901,"0.6.6"
"text2vec__ap__k100__i500__t1__r2","frontier","text2vec","R","ap",100,500,1,2,33.886,35.74,298508,0.224834939056624,0.155412454158202,0.125332857093318,0.0974365086810368,"0.6.6"
"text2vec__ap__k100__i500__t1__r3","frontier","text2vec","R","ap",100,500,1,3,34.106,36.01,298640,0.222926395803127,0.146210295525011,0.118953302074124,0.0909551849858955,"0.6.6"
"text2vec__ap__k200__i200__t1__r1","k","text2vec","R","ap",200,200,1,1,19.191,21.43,321620,0.256949913203023,0.130895278895425,0.100832756116096,0.0894555861550468,"0.6.6"
"textmineR__ap__k25__i200__t1__r1","k","textmineR","R","ap",25,200,1,1,119.12,121.55,258292,0.12768603852,0.15298344062,0.15180534195,0.070325129053,"3.0.6"
"textmineR__ap__k50__i200__t1__r1","k","textmineR","R","ap",50,200,1,1,236.854,240.67,277068,0.18047190798,0.17168435665,0.13928519961,0.091615557464,"3.0.6"
"textmineR__ap__k100__i20__t1__r1","frontier","textmineR","R","ap",100,20,1,1,50.902,57.86,261096,0.18527130188,0.13934361934,0.1104537956,0.094784369952,"3.0.6"
"textmineR__ap__k100__i20__t1__r2","frontier","textmineR","R","ap",100,20,1,2,51.104,58.07,261656,0.18099109275,0.12211698467,0.10443802481,0.081352323528,"3.0.6"
"textmineR__ap__k100__i20__t1__r3","frontier","textmineR","R","ap",100,20,1,3,50.94,57.88,261832,0.18075184708,0.12629525051,0.10685714501,0.083567341282,"3.0.6"
"textmineR__ap__k100__i50__t1__r1","frontier","textmineR","R","ap",100,50,1,1,122.728,129.69,269876,0.21850687084,0.15166377895,0.12921571089,0.10021815785,"3.0.6"
"textmineR__ap__k100__i50__t1__r2","frontier","textmineR","R","ap",100,50,1,2,123.162,130.1,270364,0.22239986128,0.14794194502,0.12432798705,0.09161942835,"3.0.6"
"textmineR__ap__k100__i50__t1__r3","frontier","textmineR","R","ap",100,50,1,3,123.557,130.56,270016,0.21556033181,0.15149172283,0.13726409972,0.087945513863,"3.0.6"
"textmineR__ap__k100__i100__t1__r1","frontier","textmineR","R","ap",100,100,1,1,241.951,249,276808,0.22792808312,0.15679652202,0.12900373073,0.098574761103,"3.0.6"
"textmineR__ap__k100__i100__t1__r2","frontier","textmineR","R","ap",100,100,1,2,247.214,254.14,276580,0.23201338462,0.15607492296,0.14631502693,0.091441025639,"3.0.6"
"textmineR__ap__k100__i100__t1__r3","frontier","textmineR","R","ap",100,100,1,3,242.241,249.14,277336,0.22686814409,0.15720159822,0.13706344656,0.086684579749,"3.0.6"
"textmineR__ap__k100__i200__t1__r1","frontier","textmineR","R","ap",100,200,1,1,480.912,487.98,295308,0.23154803131,0.16078883944,0.13768216941,0.093039828603,"3.0.6"
"textmineR__ap__k100__i200__t1__r2","frontier","textmineR","R","ap",100,200,1,2,482.239,489.15,295460,0.23451821991,0.16039385704,0.15311916717,0.089482314367,"3.0.6"
"textmineR__ap__k100__i200__t1__r3","frontier","textmineR","R","ap",100,200,1,3,484.328,491.23,295220,0.23207089674,0.16496452995,0.14853185275,0.091768991573,"3.0.6"
"textmineR__ap__k100__i200__t2__r1","threads","textmineR","R","ap",100,200,2,1,481.808,488.65,295548,0.23154803131,0.16078883944,0.13768216941,0.093039828603,"3.0.6"
"textmineR__ap__k100__i200__t2__r2","threads","textmineR","R","ap",100,200,2,2,482.542,489.45,295320,0.23451821991,0.16039385704,0.15311916717,0.089482314367,"3.0.6"
"textmineR__ap__k100__i200__t2__r3","threads","textmineR","R","ap",100,200,2,3,482.286,489.18,295300,0.23207089674,0.16496452995,0.14853185275,0.091768991573,"3.0.6"
"textmineR__ap__k100__i200__t4__r1","threads","textmineR","R","ap",100,200,4,1,481.449,488.33,294800,0.23154803131,0.16078883944,0.13768216941,0.093039828603,"3.0.6"
"textmineR__ap__k100__i200__t4__r2","threads","textmineR","R","ap",100,200,4,2,480.921,487.77,295288,0.23451821991,0.16039385704,0.15311916717,0.089482314367,"3.0.6"
"textmineR__ap__k100__i200__t4__r3","threads","textmineR","R","ap",100,200,4,3,481.744,488.64,295416,0.23207089674,0.16496452995,0.14853185275,0.091768991573,"3.0.6"
"textmineR__ap__k100__i200__t8__r1","threads","textmineR","R","ap",100,200,8,1,481.231,488.03,295644,0.23154803131,0.16078883944,0.13768216941,0.093039828603,"3.0.6"
"textmineR__ap__k100__i200__t8__r2","threads","textmineR","R","ap",100,200,8,2,482.077,488.93,295652,0.23451821991,0.16039385704,0.15311916717,0.089482314367,"3.0.6"
"textmineR__ap__k100__i200__t8__r3","threads","textmineR","R","ap",100,200,8,3,481.178,487.99,295580,0.23207089674,0.16496452995,0.14853185275,0.091768991573,"3.0.6"
"textmineR__ap__k100__i200__t12__r1","threads","textmineR","R","ap",100,200,12,1,480.184,487.02,295460,0.23154803131,0.16078883944,0.13768216941,0.093039828603,"3.0.6"
"textmineR__ap__k100__i200__t12__r2","threads","textmineR","R","ap",100,200,12,2,480.327,487.27,295392,0.23451821991,0.16039385704,0.15311916717,0.089482314367,"3.0.6"
"textmineR__ap__k100__i200__t12__r3","threads","textmineR","R","ap",100,200,12,3,480.78,487.76,295652,0.23207089674,0.16496452995,0.14853185275,0.091768991573,"3.0.6"
"textmineR__ap__k100__i500__t1__r1","frontier","textmineR","R","ap",100,500,1,1,1195.58,1202.48,292896,0.23418062475,0.15959402684,0.14390881023,0.089502167407,"3.0.6"
"textmineR__ap__k100__i500__t1__r2","frontier","textmineR","R","ap",100,500,1,2,1192.134,1198.99,292888,0.23725906456,0.16295062184,0.14943489645,0.08947171695,"3.0.6"
"textmineR__ap__k100__i500__t1__r3","frontier","textmineR","R","ap",100,500,1,3,1196.1,1202.96,293740,0.23627348367,0.16731621024,0.15392111078,0.085583453801,"3.0.6"
"textmineR__ap__k200__i200__t1__r1","k","textmineR","R","ap",200,200,1,1,1017.84,1030.65,372520,0.29168155298,0.1541087269,0.13109401596,0.097717771721,"3.0.6"
"tidylda__ap__k25__i200__t1__r1","k","tidylda","R","ap",25,200,1,1,4.476,7.13,266548,0.118239357852356,0.14610258884501,0.140894604599536,0.0889386110205327,"0.1.1.999"
"tidylda__ap__k50__i200__t1__r1","k","tidylda","R","ap",50,200,1,1,4.95,9.03,283188,0.158186523901512,0.143955407495387,0.123497408320984,0.0863459638080031,"0.1.1.999"
"tidylda__ap__k100__i20__t1__r1","frontier","tidylda","R","ap",100,20,1,1,1.859,8.79,318080,0.0704025684051114,0.0486492894666245,0.0410120743952481,0.0354351376036665,"0.1.1.999"
"tidylda__ap__k100__i20__t1__r2","frontier","tidylda","R","ap",100,20,1,2,1.87,8.92,314076,0.0662585731827604,0.0517900228576052,0.0439089731265716,0.0368084537900629,"0.1.1.999"
"tidylda__ap__k100__i20__t1__r3","frontier","tidylda","R","ap",100,20,1,3,1.879,8.81,309936,0.0700142867314651,0.0609767713307142,0.0431267818679034,0.0610031142417224,"0.1.1.999"
"tidylda__ap__k100__i50__t1__r1","frontier","tidylda","R","ap",100,50,1,1,2.726,9.66,316536,0.135989177515673,0.0964314197052351,0.0711723596814337,0.0767626350032163,"0.1.1.999"
"tidylda__ap__k100__i50__t1__r2","frontier","tidylda","R","ap",100,50,1,2,2.622,9.52,311272,0.133631715731419,0.0929940223878252,0.0680239475378303,0.0770517137615963,"0.1.1.999"
"tidylda__ap__k100__i50__t1__r3","frontier","tidylda","R","ap",100,50,1,3,2.714,9.75,311292,0.13638438661488,0.0962740733689188,0.0705998606952112,0.0735535849302735,"0.1.1.999"
"tidylda__ap__k100__i100__t1__r1","frontier","tidylda","R","ap",100,100,1,1,3.864,10.71,314536,0.181096213478962,0.121210850701198,0.0909312300851675,0.094664871693574,"0.1.1.999"
"tidylda__ap__k100__i100__t1__r2","frontier","tidylda","R","ap",100,100,1,2,3.86,10.75,312016,0.181935965231356,0.122290792195925,0.0905732716193402,0.0929267719100091,"0.1.1.999"
"tidylda__ap__k100__i100__t1__r3","frontier","tidylda","R","ap",100,100,1,3,3.869,10.76,312300,0.181038727395221,0.115730483092289,0.0903248076312916,0.0839085320419478,"0.1.1.999"
"tidylda__ap__k100__i200__t1__r1","frontier","tidylda","R","ap",100,200,1,1,6.333,13.29,316168,0.205455553513916,0.138316955403279,0.122562956781202,0.093874285596014,"0.1.1.999"
"tidylda__ap__k100__i200__t1__r2","frontier","tidylda","R","ap",100,200,1,2,6.264,13.16,311324,0.207947175857446,0.13997620152969,0.116534711792388,0.0966515190637937,"0.1.1.999"
"tidylda__ap__k100__i200__t1__r3","frontier","tidylda","R","ap",100,200,1,3,6.273,13.06,317280,0.207452798798224,0.134258987550211,0.103573749268762,0.0917100765246374,"0.1.1.999"
"tidylda__ap__k100__i200__t2__r1","threads","tidylda","R","ap",100,200,2,1,3.688,10.61,316360,0.205455553513916,0.138316955403279,0.122562956781202,0.093874285596014,"0.1.1.999"
"tidylda__ap__k100__i200__t2__r2","threads","tidylda","R","ap",100,200,2,2,3.678,10.59,312156,0.207947175857446,0.13997620152969,0.116534711792388,0.0966515190637937,"0.1.1.999"
"tidylda__ap__k100__i200__t2__r3","threads","tidylda","R","ap",100,200,2,3,3.734,10.61,316424,0.207452798798224,0.134258987550211,0.103573749268762,0.0917100765246374,"0.1.1.999"
"tidylda__ap__k100__i200__t4__r1","threads","tidylda","R","ap",100,200,4,1,2.303,9.18,316392,0.205455553513916,0.138316955403279,0.122562956781202,0.093874285596014,"0.1.1.999"
"tidylda__ap__k100__i200__t4__r2","threads","tidylda","R","ap",100,200,4,2,2.211,9.18,311372,0.207947175857446,0.13997620152969,0.116534711792388,0.0966515190637937,"0.1.1.999"
"tidylda__ap__k100__i200__t4__r3","threads","tidylda","R","ap",100,200,4,3,2.264,9.24,316788,0.207452798798224,0.134258987550211,0.103573749268762,0.0917100765246374,"0.1.1.999"
"tidylda__ap__k100__i200__t8__r1","threads","tidylda","R","ap",100,200,8,1,1.492,8.39,316308,0.205455553513916,0.138316955403279,0.122562956781202,0.093874285596014,"0.1.1.999"
"tidylda__ap__k100__i200__t8__r2","threads","tidylda","R","ap",100,200,8,2,1.484,8.36,312040,0.207947175857446,0.13997620152969,0.116534711792388,0.0966515190637937,"0.1.1.999"
"tidylda__ap__k100__i200__t8__r3","threads","tidylda","R","ap",100,200,8,3,1.449,8.34,316272,0.207452798798224,0.134258987550211,0.103573749268762,0.0917100765246374,"0.1.1.999"
"tidylda__ap__k100__i200__t12__r1","threads","tidylda","R","ap",100,200,12,1,1.206,8.01,315816,0.205455553513916,0.138316955403279,0.122562956781202,0.093874285596014,"0.1.1.999"
"tidylda__ap__k100__i200__t12__r2","threads","tidylda","R","ap",100,200,12,2,1.204,8.21,311932,0.207947175857446,0.13997620152969,0.116534711792388,0.0966515190637937,"0.1.1.999"
"tidylda__ap__k100__i200__t12__r3","threads","tidylda","R","ap",100,200,12,3,1.212,8.08,316396,0.207452798798224,0.134258987550211,0.103573749268762,0.0917100765246374,"0.1.1.999"
"tidylda__ap__k100__i500__t1__r1","frontier","tidylda","R","ap",100,500,1,1,13.544,20.49,315844,0.221538735775193,0.152600131214851,0.138586405608303,0.0904827914254878,"0.1.1.999"
"tidylda__ap__k100__i500__t1__r2","frontier","tidylda","R","ap",100,500,1,2,13.538,20.37,315936,0.225690084395242,0.159145432137763,0.140007189583757,0.0988669610166231,"0.1.1.999"
"tidylda__ap__k100__i500__t1__r3","frontier","tidylda","R","ap",100,500,1,3,13.624,20.63,315552,0.222914161124104,0.148187854526764,0.132315483801741,0.0894955802776316,"0.1.1.999"
"tidylda__ap__k200__i200__t1__r1","k","tidylda","R","ap",200,200,1,1,9.414,22.05,405968,0.250227598913719,0.128528595042893,0.105530265778508,0.0948351062939019,"0.1.1.999"
"tomotopy__ap__k25__i200__t1__r1","k","tomotopy","Python","ap",25,200,1,1,4.587528376,5.14,101876,0.12991492376664,0.153327059456377,0.139405862969511,0.0723732836294563,"0.14.0"
"tomotopy__ap__k50__i200__t1__r1","k","tomotopy","Python","ap",50,200,1,1,6.124636872,6.52,115452,0.172670925900815,0.161849499528977,0.146458352237589,0.0821351354311793,"0.14.0"
"tomotopy__ap__k100__i20__t1__r1","frontier","tomotopy","Python","ap",100,20,1,1,1.112691002,1.51,136068,0.180832076064432,0.125074530456852,0.104274998950572,0.0867473402947516,"0.14.0"
"tomotopy__ap__k100__i20__t1__r2","frontier","tomotopy","Python","ap",100,20,1,2,1.1747424051,1.57,138448,0.178432006272636,0.129572512030549,0.102216479371838,0.0919125779633223,"0.14.0"
"tomotopy__ap__k100__i20__t1__r3","frontier","tomotopy","Python","ap",100,20,1,3,1.171217832,1.59,134144,0.184476284364992,0.128341996171584,0.107513664098019,0.0862216674145762,"0.14.0"
"tomotopy__ap__k100__i50__t1__r1","frontier","tomotopy","Python","ap",100,50,1,1,2.444307932,2.88,138856,0.212573465987404,0.150173137569358,0.141797185871185,0.0913118506743118,"0.14.0"
"tomotopy__ap__k100__i50__t1__r2","frontier","tomotopy","Python","ap",100,50,1,2,2.450103145,2.89,137044,0.216653191547073,0.145015323189201,0.122718738070744,0.0919940884706723,"0.14.0"
"tomotopy__ap__k100__i50__t1__r3","frontier","tomotopy","Python","ap",100,50,1,3,2.474304887,2.89,138600,0.214661523313128,0.148899163298166,0.131508274719035,0.0953911406578208,"0.14.0"
"tomotopy__ap__k100__i100__t1__r1","frontier","tomotopy","Python","ap",100,100,1,1,4.691379711,5.1,135512,0.223129549635021,0.156402777375101,0.139965829559564,0.0923102745484492,"0.14.0"
"tomotopy__ap__k100__i100__t1__r2","frontier","tomotopy","Python","ap",100,100,1,2,4.6169156029,5.03,132328,0.226239172597001,0.15422435175983,0.141297228693449,0.0950803106549472,"0.14.0"
"tomotopy__ap__k100__i100__t1__r3","frontier","tomotopy","Python","ap",100,100,1,3,4.685314042,5.11,138012,0.223980363926804,0.154368917430663,0.134559037564061,0.0890443633337252,"0.14.0"
"tomotopy__ap__k100__i200__t1__r1","frontier","tomotopy","Python","ap",100,200,1,1,8.8565799621,9.24,137928,0.229683650318614,0.159928687096376,0.143381925936787,0.085903095309055,"0.14.0"
"tomotopy__ap__k100__i200__t1__r2","frontier","tomotopy","Python","ap",100,200,1,2,8.972256036,9.38,139588,0.232268387159639,0.163829131987538,0.150117910420965,0.0935540391179965,"0.14.0"
"tomotopy__ap__k100__i200__t1__r3","frontier","tomotopy","Python","ap",100,200,1,3,9.0238429459,9.42,139392,0.22969100609946,0.158419371140975,0.139187277454179,0.0932163696456752,"0.14.0"
"tomotopy__ap__k100__i200__t2__r1","threads","tomotopy","Python","ap",100,200,2,1,6.723633587,7.12,133440,0.233697777263932,0.163948159189534,0.1453486910036,0.091223772065931,"0.14.0"
"tomotopy__ap__k100__i200__t2__r2","threads","tomotopy","Python","ap",100,200,2,2,7.1569363059,7.55,133484,0.226638702672269,0.16456844016779,0.143202888872661,0.0898499338285431,"0.14.0"
"tomotopy__ap__k100__i200__t2__r3","threads","tomotopy","Python","ap",100,200,2,3,6.108913558,6.55,132000,0.230814397209874,0.160802565859572,0.14887290047141,0.0855513042991285,"0.14.0"
"tomotopy__ap__k100__i200__t4__r1","threads","tomotopy","Python","ap",100,200,4,1,5.0740911301,5.49,134944,0.231315453522534,0.155691025672435,0.14261927460262,0.0895474355309334,"0.14.0"
"tomotopy__ap__k100__i200__t4__r2","threads","tomotopy","Python","ap",100,200,4,2,3.371365379,3.8,136040,0.233586906956875,0.162727248555097,0.14508817745869,0.0904923833903652,"0.14.0"
"tomotopy__ap__k100__i200__t4__r3","threads","tomotopy","Python","ap",100,200,4,3,4.253162978,4.65,131912,0.232433468549426,0.160830275742148,0.146994943292774,0.0908546250555959,"0.14.0"
"tomotopy__ap__k100__i200__t8__r1","threads","tomotopy","Python","ap",100,200,8,1,3.077877816,3.52,136760,0.228488772456913,0.166691778734664,0.143175718656109,0.0953450922510307,"0.14.0"
"tomotopy__ap__k100__i200__t8__r2","threads","tomotopy","Python","ap",100,200,8,2,2.4920501229,2.92,136628,0.232687610580692,0.170197600684435,0.152963148444103,0.0985147317648919,"0.14.0"
"tomotopy__ap__k100__i200__t8__r3","threads","tomotopy","Python","ap",100,200,8,3,2.231066399,2.66,135584,0.235150884843747,0.160882187341954,0.138435560817523,0.096596406726093,"0.14.0"
"tomotopy__ap__k100__i200__t12__r1","threads","tomotopy","Python","ap",100,200,12,1,1.989123803,2.41,133172,0.236425398565863,0.164851780527409,0.15189577234369,0.0892744240437295,"0.14.0"
"tomotopy__ap__k100__i200__t12__r2","threads","tomotopy","Python","ap",100,200,12,2,2.028295149,2.45,136848,0.230093685080594,0.163901361615601,0.147562210356859,0.0903296033308593,"0.14.0"
"tomotopy__ap__k100__i200__t12__r3","threads","tomotopy","Python","ap",100,200,12,3,1.630938336,2.03,135484,0.229477995611068,0.169938634620044,0.141519212761795,0.100301962001818,"0.14.0"
"tomotopy__ap__k100__i500__t1__r1","frontier","tomotopy","Python","ap",100,500,1,1,21.5950282949,21.99,134812,0.235390104108593,0.157245192124149,0.14832435475394,0.0893744509621238,"0.14.0"
"tomotopy__ap__k100__i500__t1__r2","frontier","tomotopy","Python","ap",100,500,1,2,21.671771485,22.1,133840,0.234596743402689,0.164257017607572,0.145623691359342,0.0935538745852564,"0.14.0"
"tomotopy__ap__k100__i500__t1__r3","frontier","tomotopy","Python","ap",100,500,1,3,21.526334169,21.93,134836,0.234984085326094,0.164849575821622,0.155832849304011,0.087487249674945,"0.14.0"
"tomotopy__ap__k200__i200__t1__r1","k","tomotopy","Python","ap",200,200,1,1,14.192354725,14.67,181976,0.287222716155704,0.154907040341299,0.140089045030503,0.10455813184014,"0.14.0"
"topicmodels-gibbs__ap__k25__i200__t1__r1","k","topicmodels-gibbs","R","ap",25,200,1,1,20.045,22.79,1998896,0.12880223545,0.14754593377,0.13316647607,0.081018834963,"0.2.17"
"topicmodels-gibbs__ap__k50__i200__t1__r1","k","topicmodels-gibbs","R","ap",50,200,1,1,35.083,39.25,2437652,0.17400176702,0.16065271844,0.14141980223,0.082980986217,"0.2.17"
"topicmodels-gibbs__ap__k100__i20__t1__r1","frontier","topicmodels-gibbs","R","ap",100,20,1,1,7.351,14.47,580132,0.18353225908,0.11999485096,0.099213097316,0.085250813404,"0.2.17"
"topicmodels-gibbs__ap__k100__i20__t1__r2","frontier","topicmodels-gibbs","R","ap",100,20,1,2,7.433,14.53,580368,0.181581923,0.12748425818,0.10404764285,0.093285169194,"0.2.17"
"topicmodels-gibbs__ap__k100__i20__t1__r3","frontier","topicmodels-gibbs","R","ap",100,20,1,3,7.434,14.61,580272,0.18124359321,0.12165472341,0.10181455334,0.08587597596,"0.2.17"
"topicmodels-gibbs__ap__k100__i50__t1__r1","frontier","topicmodels-gibbs","R","ap",100,50,1,1,17.771,24.95,1044952,0.21645398003,0.14628491094,0.1289496512,0.084537067101,"0.2.17"
"topicmodels-gibbs__ap__k100__i50__t1__r2","frontier","topicmodels-gibbs","R","ap",100,50,1,2,17.827,24.97,1045012,0.22036478343,0.15694690232,0.1349890856,0.098464824551,"0.2.17"
"topicmodels-gibbs__ap__k100__i50__t1__r3","frontier","topicmodels-gibbs","R","ap",100,50,1,3,17.749,24.87,1045672,0.21549259272,0.14042266785,0.12261488476,0.09194099912,"0.2.17"
"topicmodels-gibbs__ap__k100__i100__t1__r1","frontier","topicmodels-gibbs","R","ap",100,100,1,1,34.279,41.39,1796088,0.22478414328,0.1568979007,0.13842867131,0.087172329838,"0.2.17"
"topicmodels-gibbs__ap__k100__i100__t1__r2","frontier","topicmodels-gibbs","R","ap",100,100,1,2,35.122,42.37,1796136,0.23059499784,0.15938556004,0.14250702474,0.097477058806,"0.2.17"
"topicmodels-gibbs__ap__k100__i100__t1__r3","frontier","topicmodels-gibbs","R","ap",100,100,1,3,34.58,41.72,1796320,0.22670930401,0.14590268592,0.13549540041,0.092214981021,"0.2.17"
"topicmodels-gibbs__ap__k100__i200__t1__r1","frontier","topicmodels-gibbs","R","ap",100,200,1,1,68.929,76.19,3349708,0.2284284261,0.15521453426,0.13811011074,0.088673074354,"0.2.17"
"topicmodels-gibbs__ap__k100__i200__t1__r2","frontier","topicmodels-gibbs","R","ap",100,200,1,2,68.566,75.73,3350496,0.23511549076,0.16930111571,0.15383547945,0.10112547125,"0.2.17"
"topicmodels-gibbs__ap__k100__i200__t1__r3","frontier","topicmodels-gibbs","R","ap",100,200,1,3,68.178,75.42,3350104,0.2330827863,0.16007294491,0.15283547293,0.087366904466,"0.2.17"
"topicmodels-gibbs__ap__k100__i500__t1__r1","frontier","topicmodels-gibbs","R","ap",100,500,1,1,168.467,175.92,7948512,0.23109208702,0.16226105377,0.13504504606,0.09129142051,"0.2.17"
"topicmodels-gibbs__ap__k100__i500__t1__r2","frontier","topicmodels-gibbs","R","ap",100,500,1,2,166.95,174.37,7948996,0.23900843145,0.17653044725,0.1504366475,0.096817996099,"0.2.17"
"topicmodels-gibbs__ap__k100__i500__t1__r3","frontier","topicmodels-gibbs","R","ap",100,500,1,3,169.374,176.82,7949344,0.23540029179,0.16281433807,0.15298401229,0.09150389209,"0.2.17"
"topicmodels-gibbs__ap__k200__i200__t1__r1","k","topicmodels-gibbs","R","ap",200,200,1,1,148.046,161.13,5208564,0.28060445777,0.1522721541,0.13491429198,0.098624555419,"0.2.17"
"topicmodels-vem__ap__k25__i10__t1__r1","k","topicmodels-vem","R","ap",25,10,1,1,68.556,71.33,447148,0.10959745166,0.11751493599,0.10466531928,0.080332316279,"0.2.17"
"topicmodels-vem__ap__k50__i10__t1__r1","k","topicmodels-vem","R","ap",50,10,1,1,134.327,138.88,638676,0.14585433548,0.14353126911,0.11839898614,0.10240632266,"0.2.17"
"topicmodels-vem__ap__k100__i1__t1__r1","frontier","topicmodels-vem","R","ap",100,1,1,1,66.957,74.21,1007864,0.070923108306,0.066982860814,0.057535684863,0.041861141673,"0.2.17"
"topicmodels-vem__ap__k100__i1__t1__r2","frontier","topicmodels-vem","R","ap",100,1,1,2,66.202,73.49,1008072,0.066766796383,0.062057487001,0.059219301784,0.032328444063,"0.2.17"
"topicmodels-vem__ap__k100__i1__t1__r3","frontier","topicmodels-vem","R","ap",100,1,1,3,67.425,74.71,1007456,0.066766796383,0.062057487001,0.059219301784,0.032328444063,"0.2.17"
"topicmodels-vem__ap__k100__i2__t1__r1","frontier","topicmodels-vem","R","ap",100,2,1,1,92.982,100.4,1007668,0.12128854161,0.086299395339,0.073427304176,0.062900412248,"0.2.17"
"topicmodels-vem__ap__k100__i2__t1__r2","frontier","topicmodels-vem","R","ap",100,2,1,2,94.116,101.59,1007716,0.11576489086,0.088979105485,0.070740130644,0.059776180972,"0.2.17"
"topicmodels-vem__ap__k100__i2__t1__r3","frontier","topicmodels-vem","R","ap",100,2,1,3,93.91,101.3,1007080,0.11576489086,0.088979105485,0.070740130644,0.059776180972,"0.2.17"
"topicmodels-vem__ap__k100__i5__t1__r1","frontier","topicmodels-vem","R","ap",100,5,1,1,159.63,167.21,1007720,0.15884102111,0.10852326517,0.079601523439,0.084453383783,"0.2.17"
"topicmodels-vem__ap__k100__i5__t1__r2","frontier","topicmodels-vem","R","ap",100,5,1,2,160.432,168,1007928,0.15817261601,0.12000838937,0.096341947975,0.093682991648,"0.2.17"
"topicmodels-vem__ap__k100__i5__t1__r3","frontier","topicmodels-vem","R","ap",100,5,1,3,161.077,168.65,1008224,0.15817261601,0.12000838937,0.096341947975,0.093682991648,"0.2.17"
"topicmodels-vem__ap__k100__i10__t1__r1","frontier","topicmodels-vem","R","ap",100,10,1,1,263.349,271.34,1007916,0.16940042385,0.11881859052,0.10066921792,0.09141668088,"0.2.17"
"topicmodels-vem__ap__k100__i10__t1__r2","frontier","topicmodels-vem","R","ap",100,10,1,2,257.972,265.95,1007640,0.16695962382,0.12976353419,0.096460440327,0.099569767527,"0.2.17"
"topicmodels-vem__ap__k100__i10__t1__r3","frontier","topicmodels-vem","R","ap",100,10,1,3,260.337,268.35,1008076,0.16695962382,0.12976353419,0.096460440327,0.099569767527,"0.2.17"
"topicmodels-vem__ap__k100__i25__t1__r1","frontier","topicmodels-vem","R","ap",100,25,1,1,536.585,545.06,1007944,0.17989913484,0.13395285268,0.11480371381,0.10082041028,"0.2.17"
"topicmodels-vem__ap__k100__i25__t1__r2","frontier","topicmodels-vem","R","ap",100,25,1,2,528.425,536.9,1007760,0.17435937911,0.13567899955,0.095781494952,0.11089338223,"0.2.17"
"topicmodels-vem__ap__k100__i25__t1__r3","frontier","topicmodels-vem","R","ap",100,25,1,3,531.057,539.61,1007468,0.17435937911,0.13567899955,0.095781494952,0.11089338223,"0.2.17"
"topicmodels-vem__ap__k200__i10__t1__r1","k","topicmodels-vem","R","ap",200,10,1,1,473.649,488.73,1748748,0.22358595076,0.10975449593,0.074137154094,0.098040834064,"0.2.17"
"bigartm__nih__k10__i5__t1__r1","smoke","bigartm","Python","nih",10,5,1,1,0.19343171455,0.73,99836,0.15212369054,0.070906171874,0.059612668034,0.052518200139,"0.9.2"
"gensim__nih__k10__i5__t1__r1","smoke","gensim","Python","nih",10,5,1,1,0.20332841622,1.09,115724,0.15405838913,0.098113002491,0.10212711347,0.052381027466,"4.4.0"
"lda__nih__k10__i20__t1__r1","smoke","lda","R","nih",10,20,1,1,0.023,1.01,161936,0.10235717771,0.077878456438,0.10509082421,0.056644086959,"1.5.2"
"mallet__nih__k10__i20__t1__r1","smoke","mallet","Java","nih",10,20,1,1,0.3103,1.27,152360,0.11872678179,0.07866917336,0.072587293445,0.037206256314,"202108"
"pylda__nih__k10__i20__t1__r1","smoke","pylda","Python","nih",10,20,1,1,0.11434957897,0.37,56040,0.12585682903,0.062164010615,0.076064041778,0.044407427831,"3.0.2"
"sklearn__nih__k10__i5__t1__r1","smoke","sklearn","Python","nih",10,5,1,1,0.21168763796,1.16,128928,0.15087588565,0.070816101072,0.088548912932,0.046464729808,"1.9.0"
"text2vec__nih__k10__i20__t1__r1","smoke","text2vec","R","nih",10,20,1,1,0.09,1.39,233360,0.1064628486,0.054816246863,0.071768094851,0.03992543697,"0.6.6"
"textmineR__nih__k10__i20__t1__r1","smoke","textmineR","R","nih",10,20,1,1,0.196,1.21,221648,0.13852232333,0.10115011554,0.10703666634,0.047207720736,"3.0.6"
"topicmodels-gibbs__nih__k10__i20__t1__r1","smoke","topicmodels-gibbs","R","nih",10,20,1,1,0.062,1.28,238352,0.11790583076,0.072376016525,0.066028022979,0.054797834982,"0.2.17"
"topicmodels-vem__nih__k10__i5__t1__r1","smoke","topicmodels-vem","R","nih",10,5,1,1,0.398,1.63,232940,0.16417489034,0.10571918168,0.11481423394,0.07023537937,"0.2.17"
